z_r1_esq_real,z_r1_dir_real,triaxial-y,triaxial-z,s1_mola1,s1_mola2,s2_mola1,s2_mola2,target
-0.039890106767416,-0.05320713669061661,0.011581658385694027,-0.03895406424999237,-7.512885349569842e-05,1.871995482360944e-05,0.00010895611922023818,-5.741660061175935e-05,0.012531430460512638
0.051333919167518616,-0.06807421892881393,-0.03494351729750633,-0.028571391478180885,-0.0001541279925731942,0.000281524466117844,3.9102778828237206e-05,7.700539572397247e-05,0.02600879967212677
0.12688320875167847,-0.004913771990686655,0.01315393764525652,0.041350021958351135,-0.00010823326010722667,-0.00012586730008479208,-6.281649257289246e-05,3.054412445635535e-05,0.00812353752553463
0.11329583823680878,0.007218372076749802,0.03512243181467056,-0.02742682956159115,9.995186701416969e-05,-0.00022082930081523955,-0.0004686564498115331,0.0001274848182220012,0.01730664260685444
-0.02654808573424816,-0.046681638807058334,0.004561195615679026,0.05510803312063217,0.00015730582526884973,-1.9103514205198735e-05,-3.804250081884675e-05,-3.8585119909839705e-05,0.008561001159250736
-0.0570276640355587,0.03393673896789551,-0.024546582251787186,0.0396062508225441,-3.7350440834416077e-05,0.0002758713671937585,-7.530923176091164e-05,5.5023509048623964e-05,0.0224883072078228
0.10794798284769058,0.09240132570266724,-0.038275621831417084,0.025933828204870224,-0.00012421818973962218,0.0002545337483752519,-0.00021377269877120852,9.651587606640533e-05,0.02287355810403824
-0.06404522061347961,-0.1771416813135147,-0.015728937461972237,0.02368457056581974,-7.1115287028078455e-06,-1.716944098006934e-05,-0.00013637825031764805,0.00015683619130868465,0.01634795591235161
0.11823751032352448,-0.1647251695394516,-0.011125619523227215,0.020685609430074692,-3.582237332011573e-05,3.651901351986453e-05,8.777665061643347e-05,2.3774242436047643e-05,0.01462460309267044
-0.22606833279132843,-0.7179856896400452,-0.022735092788934708,0.002237327629700303,-0.0003625892277341336,0.00024460963322781026,-4.3732801714213565e-05,0.00012253515888005495,0.02883080765604973
0.07103657722473145,-0.0045850020833313465,0.007940957322716713,-0.014281222596764565,5.44520044059027e-05,-0.00012909332872368395,5.120032074046321e-05,2.633945769048296e-05,0.01219096314162016
-0.10953433066606522,-0.13865305483341217,0.03620421513915062,-0.01953822188079357,0.00048437435179948807,-0.0004314710386097431,-0.0003429811622481793,0.00036613893462345004,0.01674104854464531
0.018718359991908073,-0.01830812357366085,0.021117277443408966,-0.00500675430521369,-4.2487441533012316e-05,-0.00021381235274020582,1.2763329323206563e-05,0.00018249070853926241,0.008928469382226467
0.05594721436500549,-0.15523113310337067,0.06459403038024902,-0.0037725085858255625,0.00013800302986055613,-0.0003951597318518907,-2.9360870030359365e-05,-5.441715984488837e-06,0.006001131609082222
0.030627284198999405,0.052125174552202225,-0.054774209856987,-0.0024211860727518797,-0.00018641645146999508,0.00010856200970010832,-0.00016234218492172658,6.607754767173901e-05,0.018179379403591156
0.021228279918432236,0.010900227352976799,0.052931055426597595,-0.008619129657745361,0.0004540802910923958,-0.0004079507780261338,-0.00034191535087302327,0.0004952058079652488,0.012806227430701256
-0.03941105306148529,0.04333700239658356,0.014299803413450718,0.02012399025261402,0.0002571417426224798,-0.0001965035335160792,-0.0003360234550200403,0.000271461671218276,0.017914162948727608
-0.022876404225826263,2.759352684020996,-0.02802695333957672,-0.02824786864221096,-8.076453377725556e-05,7.85785960033536e-05,-0.00023811993014533073,0.00011086523591075093,0.01946844533085823
0.029613550752401352,-0.07968534529209137,-0.004082974977791309,-0.03965185955166817,-0.00011118978000013158,4.708441338152625e-05,7.103363168425858e-05,-6.095484422985464e-05,0.012935972772538662
0.03766642510890961,-0.017694881185889244,0.04336497187614441,0.05415399745106697,0.00013631192268803716,-0.0001951840240508318,-0.0002892273769248277,3.476634810795076e-05,0.010495076887309551
0.12751825153827667,0.2256571501493454,0.0326370894908905,-0.066799595952034,4.694491872214712e-05,-1.4443752661463805e-05,0.00016828961088322103,0.00025075679877772927,0.009303133934736252
-0.045520514249801636,0.09609957039356232,-0.001181171741336584,0.029933832585811615,-0.00012708513531833887,0.00024257109907921404,0.00021155645663384348,-0.00018390767218079418,0.014908642508089542
0.04507473111152649,0.0837024375796318,0.004354391247034073,0.07061012089252472,-0.0004299227148294449,0.00041021237848326564,0.0003459098224993795,-0.0006500162417069077,0.016805948689579964
-0.038604672998189926,0.03929608315229416,-0.03912368789315224,0.08794122189283371,-0.0005489791510626674,0.0005676899454556406,0.00028191774617880583,-0.00026952088228426874,0.022902552038431168
0.4838530123233795,0.0041549596935510635,-0.015646973624825478,0.002006384078413248,-0.00031430504168383777,0.00030616336152888834,0.00018119932792615145,-0.0001243638398591429,0.015672219917178154
-0.04433784633874893,0.019272785633802414,-0.00975914765149355,-0.021195705980062485,0.00013049374683760107,-9.662545926403254e-05,6.57194759696722e-05,-6.006337935104966e-05,0.011228224262595177
-0.2390376478433609,-0.025828823447227478,0.08692928403615952,0.09670107811689377,0.0004070409631822258,-0.0005525810993276536,-0.0004588268930092454,7.206043051155575e-08,0.009813004173338413
0.034581225365400314,-0.013179227709770203,0.030898254364728928,0.028607558459043503,-0.00012084378977306187,-9.394688095198944e-05,0.00012201737990835682,-0.0002009003219427541,0.007198801264166832
-0.2188141793012619,0.027300991117954254,-0.07742016017436981,0.013985233381390572,-0.0003081897448282689,0.00030023642466403544,-1.0105806723004207e-05,1.8539067241363227e-05,0.021399106830358505
0.17262890934944153,-0.022312959656119347,-0.013592188246548176,0.044024620205163956,0.0003071185783483088,-0.0002839023363776505,-0.00029061970417387784,0.0003367528843227774,0.015708578750491142
-0.02984422631561756,-0.033333517611026764,0.00017431755259167403,-0.11418046802282333,0.00041096514905802906,-0.0004836717853322625,-0.000260432279901579,0.00030032446375116706,0.00922187976539135
0.07078626751899719,0.011912758462131023,0.2499106377363205,0.04554380849003792,0.0009835994569584727,-0.0009550985414534807,-0.001141631742939353,0.001168784569017589,0.011741666123270988
-0.0804746150970459,0.14996123313903809,0.3294001817703247,0.051048681139945984,0.0007590728928335011,-0.0007847746019251645,-0.0005809286958537996,0.0006040920852683485,0.009776521474123001
-0.07210492342710495,0.18635030090808868,0.8160606622695923,-0.04306141659617424,0.0019369201036170125,-0.002306730253621936,-0.00013316742843016982,0.0006139811594039202,-0.031982459127902985
0.03670091554522514,0.028586560860276222,0.7987727522850037,0.018951525911688805,0.0006693264003843069,-0.0005999638233333826,0.0008748708060011268,-0.0005610903608612716,-0.01964263804256916
-1.0907831192016602,7.160450458526611,0.6962407231330872,-0.010682734660804272,-0.00011649930820567533,-0.00015477581473533064,0.0009237075573764741,-0.0010081526124849916,-0.022818652912974358
0.0900290310382843,0.113018698990345,0.79451584815979,0.03143360838294029,0.00013832634431309998,-0.00019619843806140125,0.0013157364446669817,-0.001476646983064711,-0.033067308366298676
-0.18172526359558105,-0.046105846762657166,0.7969540357589722,0.12390390038490295,-0.00010382751497672871,-0.0006432379595935345,0.0006772241904400289,-0.0011197053827345371,-0.021779745817184448
0.06149410456418991,-0.12023536115884781,0.9102293848991394,0.035892557352781296,0.0003034970723092556,-0.0011389509309083223,0.00046565139200538397,-0.0007443869253620505,-0.029110142961144447
0.28643330931663513,0.09262125939130783,0.9086212515830994,-0.012392186559736729,0.000935466552618891,-0.0010815224377438426,0.0008329318952746689,-0.0007443911745212972,-0.0365096740424633
0.0030549305956810713,0.0020737515296787024,0.7687271237373352,-0.04293174669146538,0.0005924031720496714,-0.0007969255093485117,0.0008377403719350696,-0.0006727047148160636,-0.028793778270483017
0.046363670378923416,0.21665145456790924,0.884329080581665,0.04846563562750816,0.0007680973503738642,-0.0015007337788119912,0.0005269472603686154,-0.0009955213172361255,-0.03466208279132843
0.15048901736736298,0.007272148039191961,0.8517611622810364,-0.05133139714598656,0.0008777992916293442,-0.0008099782280623913,0.0005997433909215033,-0.00010548575664870441,-0.023009389638900757
-0.07639706879854202,-0.2370465099811554,0.7084034085273743,0.0361592136323452,-0.0006004355964250863,-7.203688710433198e-06,0.0013049010885879397,-0.0014760413905605674,-0.030558953061699867
0.018980393186211586,0.04395333677530289,0.482856810092926,0.002447492675855756,-0.0009725233539938927,0.0008561132708564401,0.0016498526092618704,-0.001579302828758955,-0.0077701592817902565
-0.008044952526688576,0.006343950051814318,0.3318426311016083,-0.04553655534982681,-0.001007464830763638,0.0006072123651392758,0.0016977547202259302,-0.0017749706748872995,-0.009750371798872948
-0.07007990777492523,-0.02232065424323082,0.05666404590010643,-0.02226608619093895,-0.0006103126797825098,0.0006834031664766371,0.0011238240404054523,-0.0011330281849950552,0.014177978038787842
-0.09117905050516129,-0.12198033928871155,0.009133021347224712,-0.010763294994831085,4.2414601921336725e-05,4.821537368115969e-05,0.0001374638668494299,-0.0001837782619986683,0.032199740409851074
-0.008936152793467045,-0.05304764583706856,-0.006642296444624662,0.07623737305402756,-0.001166690606623888,4.616345904651098e-05,-0.000369348272215575,0.0003306714352220297,0.04599398002028465
0.1045752540230751,0.037800975143909454,-0.33172154426574707,0.09683339297771454,-0.002393668983131647,0.0019888824317604303,0.000319205952109769,-0.0006180203636176884,0.060772206634283066
0.07449469715356827,-0.02764374017715454,-0.48725417256355286,-0.03950043395161629,-0.0012043165042996407,0.0013093464076519012,0.0010880861664190888,-0.0009636819595471025,0.059134624898433685
2.348062753677368,0.42236292362213135,-0.5589503645896912,0.02672344073653221,-0.0008712768321856856,0.00035879816277883947,-0.00011084519792348146,-0.00034211293677799404,0.06845303624868393
-0.03334066644310951,0.07074921578168869,-0.8811609148979187,0.11017876118421555,-0.0013452130369842052,0.0009290234302170575,-0.0009185245726257563,0.0006274397601373494,0.09127192944288254
0.10405223071575165,0.035345349460840225,-0.7679205536842346,-0.004169739782810211,-0.0006769989267922938,0.0003289362066425383,-0.0006056473939679563,0.0007574833580292761,0.07776042819023132
-2.5722362995147705,0.0355822816491127,-0.6257296204566956,-0.050351835787296295,-0.0004288954078219831,0.0005118917906656861,-0.0003919648297596723,0.00076818693196401,0.0831398144364357
1.249596118927002,-0.34841567277908325,-0.7095232605934143,-0.08828470855951309,3.0500956199830398e-05,5.210150629864074e-05,-0.0005503150168806314,0.0008780959760770202,0.081086665391922
0.0011004760162904859,-0.14143072068691254,-0.791174054145813,-0.09611247479915619,-0.0006610552663914859,1.1678485861921217e-05,-0.0006597540923394263,0.0007655409281142056,0.08573658019304276
-0.040089115500450134,-0.042811572551727295,-0.7735099792480469,-0.02598474733531475,-0.0005733412690460682,0.00040410662768408656,-0.0005144887254573405,0.0003438105050008744,0.08328728377819061
-0.0006730849854648113,0.021022602915763855,-0.8060969114303589,0.05639950931072235,-0.001246204599738121,0.0007012210553511977,-0.0008876763749867678,0.0007845523650757968,0.08781569451093674
-0.09279012680053711,0.11654217541217804,-1.0141170024871826,0.068046934902668,-0.0015439348062500358,0.00130982615519315,-0.001134250545874238,0.0009694513282738626,0.0967264175415039
-1.8150906562805176,0.10662825405597687,-0.7769294381141663,-0.027415066957473755,0.00018269129213877022,-0.00036904338048771024,-0.0010901556815952063,0.0012645164970308542,0.07387561351060867
0.167257159948349,-0.10794660449028015,-0.2639968991279602,-0.02971658483147621,0.001452230499126017,-0.0015600965125486255,-0.0011655353009700775,0.0010516105685383081,0.039507344365119934
0.2226930856704712,2.203486680984497,-0.31739434599876404,-0.03720603138208389,0.0009099821327254176,-0.0009444573079235852,-0.001061977818608284,0.000959247350692749,0.06623532623052597
0.026668399572372437,-0.11424696445465088,-0.1131591722369194,0.05625559762120247,0.00024705776013433933,-0.00016503865481354296,-0.0005422240938059986,0.00042503283475525677,0.05975465103983879
-0.09060810506343842,-0.003818897530436516,-0.008669204078614712,-0.06657731533050537,0.0002693647984415293,-0.0001138387160608545,0.00025107013061642647,-3.8797257730038837e-05,0.008206801488995552
-0.18049602210521698,-0.11572617292404175,0.1844131499528885,-0.024679064750671387,0.0009707774734124541,-0.0011003161780536175,-0.0005195887642912567,0.0002758961054496467,0.016232123598456383
-0.05977784842252731,-0.032659467309713364,-0.03347092121839523,0.06467723846435547,0.00016653236525598913,-0.000270531716523692,-0.0004715826944448054,0.00028787521296180785,0.027349719777703285
0.2339467853307724,0.12103153020143509,0.2566377818584442,0.01715514063835144,0.0017670347588136792,-0.0012768288142979145,-0.0005882728728465736,0.0005558495759032667,0.0002121386642102152
0.04542785882949829,0.20166559517383575,0.382327675819397,0.04305511713027954,0.001046870369464159,-0.001280122552998364,-0.0006757648661732674,0.0003165169036947191,0.004677503369748592
-0.04645811766386032,-0.04506400227546692,0.7708449363708496,0.006231178995221853,0.0016697836108505726,-0.0016618353547528386,-0.0006154121947474778,0.0009618478361517191,-0.005000248085707426
0.16559889912605286,0.016049031168222427,0.685474693775177,0.036671485751867294,0.000444718956714496,-0.001181898289360106,-2.0702596884802915e-05,-0.00010720350837800652,-0.010379613377153873
0.022820336744189262,0.06920520961284637,0.7942395210266113,0.061384543776512146,-0.00024808288435451686,-0.0001023832373903133,0.0008802451775409281,-0.0008494095527566969,-0.014163888059556484
-0.06598466634750366,0.003832760266959667,0.8454077839851379,-0.029835542663931847,0.0008175456896424294,-0.0009966578800231218,0.0008675524150021374,-0.0006988655077293515,-0.030380290001630783
0.09956622868776321,0.11282829940319061,0.9587167501449585,0.054575640708208084,0.0010447888635098934,-0.0014666541246697307,0.0003401723224669695,-0.0005540584679692984,-0.026652319356799126
0.07544267922639847,-0.006661104969680309,0.759750247001648,0.1983945518732071,0.0004694994422607124,-0.0004450109554454684,0.00024358727387152612,-0.000540336302947253,-0.012288086116313934
0.07373183220624924,-0.22348198294639587,0.848179042339325,0.10676588863134384,0.0004859723849222064,-0.0006683458923362195,0.00040784242446534336,-0.0005313538131304085,-0.02071261592209339
0.09642431885004044,-0.039366789162158966,0.8554840087890625,-0.10316207259893417,0.0008615672122687101,-0.0009028269560076296,0.0010837626177817583,-0.0008433897164650261,-0.0260234996676445
0.07584121823310852,0.1743885576725006,0.8503323197364807,0.06101633235812187,-0.00013493069855030626,-0.000601843639742583,0.00047666553291492164,-0.0007752731908112764,-0.011982446536421776
0.06955736130475998,-0.004292888101190329,0.804448664188385,0.15583668649196625,-1.2487239473557565e-05,-0.0001643655268708244,0.000398170726839453,-0.00045769763528369367,-0.014284543693065643
0.06782641261816025,0.06051968038082123,0.8269070982933044,0.01087245810776949,0.0006867076735943556,-0.0004741445882245898,0.0005824401159770787,-0.0004463289806153625,-0.01821446791291237
-0.18871207535266876,-0.0274804700165987,0.9241087436676025,-0.05823398381471634,0.0007433624705299735,-0.0006438582204282284,0.0009561065817251801,-0.0005993444938212633,-0.019757278263568878
0.11908050626516342,0.22404591739177704,0.7401078939437866,-0.05237951874732971,-0.0001949518918991089,0.00023777551541570574,0.0015030748909339309,-0.0015085787745192647,0.02666020207107067
-0.13970324397087097,0.021491823717951775,0.5299586653709412,-0.06387051939964294,-0.00034762892755679786,0.0005217361031100154,0.001603436074219644,-0.00145584880374372,0.044065263122320175
0.07297535240650177,0.14564594626426697,0.19140689074993134,0.06163826584815979,-0.00106121227145195,0.0012631292920559645,0.0010204501450061798,-0.0008602782036177814,0.06098904833197594
0.02367980219423771,0.0625980943441391,-0.056227922439575195,0.008661900646984577,-0.0006002029404044151,0.0004847563395742327,0.00037813797825947404,-5.280380719341338e-05,0.046937353909015656
0.013943567872047424,0.03824977949261665,0.04217280074954033,-0.0032276734709739685,-0.00011136622197227553,-0.00017587812908459455,1.7547796232975088e-05,-0.00016755872638896108,0.0316072516143322
-0.04155021160840988,-0.07836897671222687,0.008385641500353813,0.016672637313604355,-0.00016187163419090211,9.586365194991231e-06,0.00045917637180536985,-0.00036743711098097265,0.012070194818079472
0.1646742820739746,0.03102976456284523,0.011333203874528408,-0.001846110331825912,6.44887622911483e-05,-5.120240166434087e-05,-4.6222819946706295e-05,0.00010798739094752818,0.015876520425081253
0.059149980545043945,-0.04763941466808319,-0.2651060223579407,-0.006801914423704147,-0.0008327236864715815,0.0007218077662400901,0.0002976029645651579,-0.0003871316439472139,0.03396673500537872
-0.2399626523256302,-0.025613198056817055,-0.40970805287361145,0.018475212156772614,-0.0008465734426863492,0.0008055481594055891,-0.00014490692410618067,0.00019159106886945665,0.0663699358701706
-0.12377892434597015,0.21172654628753662,-0.3583205044269562,0.09975937008857727,-0.0009702272363938391,0.0008521766285412014,-0.0004167420556768775,7.49522732803598e-05,0.07103828340768814
-0.03303379565477371,-0.11317829042673111,-0.3340415358543396,0.017180750146508217,-0.00022202139371074736,0.0002090480411425233,-0.00035772303817793727,0.00031140990904532373,0.06412436813116074
-0.027353333309292793,-0.08862701803445816,-0.22025950253009796,0.024644380435347557,0.00016296828107442707,-5.341157520888373e-05,-0.0004280725261196494,0.0003337784146424383,0.05526294559240341
0.043662432581186295,0.04329285770654678,-0.2312844693660736,0.0988055095076561,2.733681321842596e-05,0.0002272221609018743,-0.0004464936500880867,0.00019720455748029053,0.0641561970114708
-0.38807862997055054,-3.5725269317626953,-0.22910600900650024,0.041761863976716995,0.00010230507905362174,-8.120732672978193e-05,-0.00032674887916073203,0.0003261194797232747,0.0474931001663208
-0.2372143566608429,0.01580570451915264,-0.2580731511116028,0.005926473531872034,-0.00029743704362772405,0.0005278114695101976,-5.0232822104590014e-05,0.0002200512681156397,0.06086442992091179
0.04379010945558548,0.1475646197795868,-0.29325950145721436,0.05242888629436493,-0.00011838768841698766,0.0002121512225130573,-0.0004370341484900564,0.00038718836731277406,0.06036332622170448
0.11590129137039185,-0.0674138218164444,-0.16804148256778717,0.07326619327068329,0.0001567209983477369,-0.00018820996046997607,-0.0005774168530479074,0.0005630466039292514,0.081095851957798
0.008050989359617233,0.12369412183761597,0.02484150603413582,-0.09226957708597183,-0.00019244980649091303,0.00014930215547792614,0.00042819540249183774,-0.0002576092374511063,0.015459053218364716
0.0036028726026415825,0.0526420883834362,-0.03165779635310173,0.05085389316082001,-0.00022167517454363406,0.0003214484022464603,4.839641769649461e-05,-0.00035414283047430217,0.014722044579684734
0.2356032282114029,0.1157463863492012,-0.03470035269856453,-0.062258146703243256,-0.0001647309254622087,0.00017984000442083925,0.00016678635438438505,-4.1677583794808015e-05,0.011180851608514786
0.06098000332713127,0.0740141049027443,-0.01229835581034422,0.04742991179227829,-0.00024547011707909405,0.00011308886314509436,2.7680807761498727e-05,-6.069038136047311e-05,0.016961323097348213
0.0446896106004715,0.11301962286233902,-0.025286847725510597,-0.08255848288536072,-0.0003944659256376326,0.0005041269469074905,0.00030091599910520017,-0.00043617276242002845,0.012062134221196175
0.08323745429515839,0.18722806870937347,-0.03430305793881416,0.0540076307952404,-0.00039028553874231875,0.00043429681682027876,0.00011455693311290815,-0.0001700707944110036,0.018263082951307297
0.3639235198497772,0.0703405812382698,0.04132309928536415,-0.0028631079476326704,7.115191692719236e-05,-0.00010604332783259451,9.863833111012354e-05,-6.379265687428415e-05,0.010991960763931274
-0.212095707654953,-0.026102151721715927,-0.025484930723905563,0.03798273578286171,0.00010407187801320106,-6.850046338513494e-05,7.683896001253743e-06,0.00033055097446776927,0.022545378655195236
-0.05042627826333046,-0.08496766537427902,0.03688370808959007,0.009454646147787571,0.0003001116856466979,-0.00041457547922618687,-2.2802265448262915e-05,-7.793745317030698e-05,0.010947374626994133
-0.07765379548072815,-0.0370153933763504,-0.04961664229631424,-0.017051730304956436,-0.000129653126350604,0.0002664114872459322,0.00011582823208300397,1.4431611816689838e-05,0.01519097201526165
-0.12577062845230103,0.8128786683082581,-0.017491783946752548,-0.015582124702632427,-3.611882857512683e-05,-5.0817212468246e-05,0.00010790537635330111,-3.8103401038824813e-06,0.008441787213087082
0.0796380490064621,-0.5627639889717102,0.0320524163544178,0.031154999509453773,0.00022601831005886197,-0.00016841114847920835,-6.3318334468931425e-06,-7.051063585095108e-05,0.012853752821683884
-0.23888330161571503,-0.5945773124694824,0.053371503949165344,-0.039194073528051376,0.00031601579394191504,-0.0002795974723994732,0.00015062322199810296,-0.0001398891326971352,0.006126090884208679
-0.12955878674983978,-0.03692154958844185,-0.005815601442009211,-0.11786243319511414,9.665110701462254e-05,9.114632121054456e-05,0.0002864366106223315,5.547349792323075e-05,0.01230308972299099
-0.07259347289800644,0.3715097904205322,-0.06747741252183914,-0.059405017644166946,-0.0002776295877993107,0.00022008837549947202,0.00018633190484251827,-0.00020763382781296968,0.011415544897317886
1.3426545858383179,-0.3534591495990753,-0.0017302138730883598,-0.06881875544786453,5.4828778957016766e-05,-0.00014931910845916718,1.928337042045314e-05,0.00019455693836789578,0.013446100987493992
0.12485641241073608,0.0680057629942894,-0.05896754562854767,-0.04451470077037811,-0.00035314078559167683,0.00024575734278187156,8.314147271448746e-05,5.063575736130588e-05,0.022296376526355743
-0.010839026421308517,0.13618263602256775,-0.08410100638866425,-0.021213723346590996,-0.0002464663120917976,0.00026063574478030205,-2.5343853849335574e-05,9.991713341150898e-06,0.02174104005098343
-0.10354337096214294,0.06497430056333542,-0.030456412583589554,-0.016006316989660263,6.7024739109911025e-06,4.638340033125132e-05,-1.413575591868721e-05,-8.767866347625386e-06,0.012137005105614662
-1.3001816272735596,-0.10157079994678497,0.027733247727155685,-0.03987305611371994,8.054180216277018e-05,3.72700160369277e-05,0.00012240270734764636,-4.2721396312117577e-05,0.010620427317917347
-0.023357611149549484,0.1995830088853836,-0.007778377737849951,0.017236869782209396,0.0001007241226034239,-3.351230770931579e-05,0.00010477740579517558,-0.00011790901771746576,0.010904964059591293
0.12511733174324036,0.10917985439300537,-0.006315276492387056,0.034060582518577576,0.00026637676637619734,-0.00014062484842725098,-0.0003764212888199836,0.00013550581934396178,0.01881173625588417
-0.17226171493530273,0.04447878897190094,-0.020231500267982483,0.029934560880064964,-0.00027294052415527403,0.0003768349706660956,-7.599269883939996e-05,0.00018184271175414324,0.02992258220911026
0.04505167156457901,0.10498719662427902,-0.04106425866484642,-0.015919111669063568,-0.0005907380254939198,0.0006131670088507235,0.0005028180894441903,-0.0004312190867494792,0.015966296195983887
-0.21028003096580505,0.05464589595794678,-0.04487954452633858,-0.08450555801391602,-0.0006086623179726303,0.0005758124752901495,0.0005227240617386997,-0.0007834805874153972,0.012265307828783989
-0.013723737560212612,-0.029497483745217323,0.04268726333975792,0.042382579296827316,-0.00010013400606112555,0.0001364640484098345,0.00041718792635947466,-0.0004906461690552533,0.010564789175987244
-0.6521061062812805,0.1968161165714264,0.03558487072587013,0.05258401855826378,0.00020204304018989205,-0.00016276011592708528,-7.405714859487489e-05,0.00019514726591296494,0.011635647155344486
0.3106715679168701,0.08753505349159241,0.1410713791847229,0.05904996395111084,0.0008048582822084427,-0.0006170161650516093,-0.0005236050928942859,0.00032961604301817715,0.011312686838209629
0.0224300529807806,0.02461506426334381,0.027668362483382225,-0.0469508022069931,3.459366416791454e-05,-0.00015292556781787425,0.00016970245633274317,-0.00023148268519435078,0.015244264155626297
-0.006066752132028341,0.022525915876030922,0.038336675614118576,-0.025068381801247597,0.00010731376823969185,-0.00011186871415702626,2.8444525014492683e-05,-0.00024090989609248936,0.007255164906382561
0.256673127412796,0.19083794951438904,-0.0006041551823727787,-0.056631747633218765,7.606694271089509e-05,7.858122990000993e-05,-4.328091017669067e-05,5.29669996467419e-05,0.01112397387623787
-0.08140534162521362,0.001104453462176025,-0.004402052611112595,0.024632416665554047,-0.00024630044936202466,0.0002638945006765425,0.000271406868705526,-0.0001507876004325226,0.008553135208785534
-0.007921670563519001,0.01264169905334711,0.059130582958459854,-0.0651095062494278,0.00046781121636740863,-0.00027245032833889127,0.00020585794118233025,-0.0002927863097283989,0.002580141881480813
0.17377416789531708,-0.08076979964971542,0.014653964899480343,0.013280662707984447,-2.421885983494576e-05,1.6937316104304045e-05,0.000150824329466559,-0.00019756838446483016,0.011792203411459923
-0.9665544629096985,0.22298072278499603,-0.0022241161204874516,0.005277407355606556,-0.0001927144912770018,1.5694777175667696e-05,0.0001030970670399256,-7.002078200457618e-05,0.019979966804385185
-0.234069362282753,-0.07225605845451355,-0.07493869215250015,-0.016682540997862816,-0.0006893278332427144,0.0006556601729243994,0.0002669271780177951,-0.00022264373546931893,0.019618868827819824
-0.10110746324062347,-0.08355024456977844,-0.02616295963525772,-0.10219859331846237,-0.0004878007457591593,0.0003571891866158694,0.0002790735743474215,-0.0004411691043060273,0.01744868978857994
-0.026499465107917786,-0.22235488891601562,0.059786438941955566,0.0009578514145687222,0.0004533917235676199,-0.0005246552173048258,-0.0003230733273085207,0.0004937193589285016,0.019305286929011345
-0.07463865727186203,0.08061034977436066,-0.06698418408632278,0.04153032600879669,-0.00047008870751596987,0.0006321169203147292,0.00019798953144345433,-0.00036630334216170013,0.02344263158738613
-0.039020419120788574,-0.0005459571839310229,-0.03125700727105141,-0.06176458299160004,0.0002284716028952971,3.3407552109565586e-05,0.00022486022498924285,-0.00028032276895828545,0.006861687637865543
0.045866966247558594,0.022753050550818443,0.006992559414356947,0.09783586859703064,0.00024095897970255464,-0.000425037054810673,-0.00041738763684406877,0.00018775247735902667,0.01300314161926508
-0.10481719672679901,-0.0647459626197815,-0.06714291125535965,-0.03394565358757973,-0.0001575728238094598,0.00019506359240040183,-0.00018542102770879865,0.00035239223507232964,0.03153222054243088
-0.024411318823695183,-0.05042428895831108,0.019040536135435104,-0.03282485529780388,7.379990711342543e-05,-0.00014039773668628186,-3.6435620131669566e-05,0.00016910769045352936,0.012287595309317112
0.21788977086544037,-0.03858232498168945,-0.003549042623490095,-0.002995009534060955,-1.8659986380953342e-05,0.0001472523872507736,-0.00011845084372907877,0.0002387519198236987,0.025036241859197617
0.0036336069460958242,-0.06439279764890671,-0.0009248210117220879,-0.014115139842033386,0.0002567321644164622,-0.00021589545940514654,-7.878560427343473e-05,-5.8150009863311425e-05,0.010216907598078251
-0.03637412190437317,-0.026445595547556877,0.031246693804860115,-0.041303858160972595,0.00048699951730668545,-0.0005430218297988176,-1.4280448340286966e-05,0.00015346388681791723,0.00849138293415308
-0.17969101667404175,-0.11480460315942764,-0.0034604317042976618,-0.07589085400104523,-0.0009909560903906822,0.0007507718401029706,0.0012295524356886744,-0.00157918909098953,0.01360725611448288
0.030517160892486572,-0.8477821350097656,-0.41843950748443604,0.035207848995923996,-0.00241731945425272,0.002378208329901099,0.0012430186616256833,-0.001674245810136199,0.0564785934984684
0.03390246257185936,0.05629025027155876,-0.5774205327033997,-0.02855316735804081,-0.0008927369490265846,0.001396885490976274,0.0007180551765486598,-0.0007213139324449003,0.05966448038816452
-0.015733998268842697,0.05170482397079468,-0.6033042669296265,0.06758048385381699,-0.000689283711835742,0.00043872298556379974,0.0003209231945220381,-0.0005413881153799593,0.05336933210492134
0.0721755176782608,-0.04491914436221123,-0.8636003136634827,0.080939382314682,-0.001095544663257897,0.0007552271708846092,-0.0004349456576164812,0.000383777660317719,0.08166004717350006
-1.2546076774597168,0.031821444630622864,-0.6992897391319275,0.06564320623874664,-0.00029196430114097893,-0.0002891644835472107,-0.000965151353739202,0.0008299487526528537,0.10201700031757355
-0.1137712299823761,0.01906718872487545,-0.7660911679267883,0.028079316020011902,-0.00020759917970281094,-0.0005299739423207939,-0.0007820544415153563,0.0006340204272419214,0.11888968199491501
0.21450401842594147,0.162689208984375,-0.808022677898407,0.048163048923015594,-0.000397775846067816,-0.0002321158244740218,-0.0009995780419558287,0.0007354486733675003,0.10281483829021454
-0.10335159301757812,0.07962678372859955,-0.9693065285682678,0.06136735901236534,-0.001512166578322649,0.001336624613031745,-0.0009651263244450092,0.000938613957259804,0.10097146779298782
-0.09457796812057495,-0.0077634407207369804,-1.1890997886657715,0.11992886662483215,-0.002150039654225111,0.0017740330658853054,-0.0009705487755127251,0.000859924010001123,0.09788652509450912
-0.0044115264900028706,0.0036049624904990196,-0.9144692420959473,0.054776277393102646,-0.0009499939624220133,0.000899701495654881,-0.0004921433283016086,0.0007864640210755169,0.11161699891090393
0.15638531744480133,0.20540834963321686,-0.7295387983322144,0.2773434519767761,-0.0005992416408844292,0.00014640105655416846,-0.0008937767706811428,-2.096802018058952e-05,0.09817323833703995
-0.10209587216377258,0.03752972558140755,-0.8638762831687927,0.04806695878505707,-0.0008677198202349246,0.0007228325121104717,-0.0007822977495379746,0.0009727982105687261,0.09462391585111618
0.17745111882686615,0.006489892024546862,-0.8532735705375671,0.16399630904197693,-0.0007816749275662005,0.0006545089418068528,-0.0005385915865190327,0.00044626701856032014,0.08490737527608871
-0.14695996046066284,-0.12861180305480957,-0.6757993698120117,0.07270584255456924,-8.824178803479299e-05,-0.000623718136921525,-0.0010695866076275706,0.0009559572790749371,0.11702191084623337
0.060766395181417465,0.14882543683052063,-0.9228627681732178,0.024800918996334076,-0.0006656681071035564,0.0005840632948093116,-0.000636948156170547,0.00044465716928243637,0.13286827504634857
0.04135946184396744,0.005834878887981176,-0.7899408340454102,0.11214590817689896,-0.0007314938120543957,0.00039824508712626994,-0.0008807307458482683,0.0007483998779207468,0.08999661356210709
-0.008688390254974365,-0.2032432109117508,-0.802193284034729,-0.006249845959246159,-0.00023976556258276105,-8.605133916717023e-05,-0.0009022040176205337,0.0009993815328925848,0.07561925053596497
-0.12656286358833313,-0.07076280564069748,-0.9053024649620056,0.028037410229444504,-0.0009564551874063909,0.0007854265859350562,-0.0006407691398635507,0.0006071749376133084,0.08354514092206955
0.5207852125167847,-0.04901845008134842,-0.8728192448616028,0.07281392067670822,-0.0012209671549499035,0.0009471660014241934,-0.0007246218738146126,0.0008571550133638084,0.08925306797027588
-0.16181257367134094,-0.05605708807706833,-0.6961588859558105,-0.004399141762405634,-0.0005217359866946936,0.0001485106477048248,-0.0005083565483801067,0.0006628227420151234,0.08504119515419006
0.08253481984138489,0.1505337804555893,-0.7904190421104431,0.019451722502708435,-0.0004120779922232032,0.0001584739366080612,-0.0005884714773856103,0.0004978291690349579,0.0778292790055275
-0.13035206496715546,0.056976910680532455,-0.9232102036476135,0.02181634120643139,-0.0008508416940458119,0.00045220329775474966,-0.0009487301576882601,0.0008519723196513951,0.08592555671930313
-0.05178691819310188,0.10467077791690826,-0.9345775842666626,0.0913846343755722,-0.00152613315731287,0.0009991924744099379,-0.0008242899202741683,0.0007309089414775372,0.087137870490551
0.10009068250656128,-0.11869745701551437,-0.6298865675926208,0.0821017399430275,-0.00015300352242775261,-0.0004707610351033509,-0.0007421349291689694,0.0004936010809615254,0.10065451264381409
0.11173710227012634,0.14111115038394928,-0.6813077330589294,-0.039209265261888504,0.00014482134429272264,0.0002313935838174075,-0.0003984212235081941,0.0006669064750894904,0.12631730735301971
0.11957068741321564,0.15163233876228333,-0.8598499894142151,0.07420060783624649,-0.000647250737529248,0.0008021235698834062,-0.0007112638559192419,0.0007442642236128449,0.08906565606594086
-0.1061231791973114,-0.03701474517583847,-0.9667823910713196,0.2865612804889679,-0.0019003337947651744,0.001357837812975049,-0.0011203946778550744,0.0005333725130185485,0.08470766246318817
-0.11676780134439468,0.12685354053974152,-0.9111176133155823,0.1337420642375946,-0.0015349764144048095,0.0010470709530636668,-0.0009358043898828328,0.0005623494507744908,0.09087283164262772
-0.01162224542349577,0.04321853443980217,-0.7170146107673645,-0.06845102459192276,-0.000428929110057652,0.00046892944374121726,-0.0003469838702585548,0.00047864101361483335,0.07743511348962784
0.15880334377288818,0.12454168498516083,-0.6488460898399353,-0.07184338569641113,-0.00026618444826453924,-0.00030418060487136245,-0.00022058362083043903,0.00024361617397516966,0.07912224531173706
0.0698780044913292,-0.0917992815375328,-0.7674019932746887,0.044919587671756744,-0.0007876441814005375,0.0005618856521323323,-0.00037793844239786267,0.00048567852354608476,0.08380566537380219
-0.06571550667285919,0.07024262845516205,-0.9232779145240784,0.074740469455719,-0.0012352841440588236,0.000673326023388654,-0.0009903002064675093,0.001052594743669033,0.09074520319700241
0.0552893802523613,0.07299080491065979,-0.7649490237236023,0.010316447354853153,-0.0007130173034965992,0.0003048751095775515,-0.0007274763192981482,0.0008652756223455071,0.09462148696184158
0.06523381918668747,0.33515217900276184,-0.8302633166313171,0.02457014098763466,-0.00014119067054707557,-7.355450361501426e-05,-0.00102249498013407,0.0010852166451513767,0.09065751731395721
0.1557425707578659,0.04261057823896408,-0.7893452048301697,0.11928413808345795,-0.0005915205110795796,-0.00015815795632079244,-0.0011217475403100252,0.0004449637490324676,0.07485266774892807
1.3508235216140747,-0.3094717562198639,-0.8733572363853455,-0.0010131793096661568,-0.0008525343146175146,0.0003366693272255361,-0.0008286121301352978,0.001009662402793765,0.08567294478416443
0.2172568291425705,0.16818329691886902,-0.8182697892189026,0.040223702788352966,-0.0003351660561747849,2.1484552235051524e-06,-0.0011824482353404164,0.0008507929742336273,0.08379566669464111
0.03876076638698578,-0.01692054606974125,-0.8511745929718018,0.03451820835471153,-0.0004378861340228468,0.0005550877540372312,-0.0008392222807742655,0.0008689668029546738,0.08021019399166107
0.2708321511745453,0.08587047457695007,-0.8513020277023315,-0.024110618978738785,-0.0006118846358731389,0.0003616820613387972,-0.0007234697695821524,0.0011109457118436694,0.08540735393762589
0.11963381618261337,0.12406545132398605,-0.6799612641334534,-0.01965663582086563,0.00014473979535978287,-0.00043887022184208035,-0.0013484818628057837,0.0014847407583147287,0.08779212087392807
-0.015176938846707344,0.013055337592959404,-0.4550899267196655,0.039514195173978806,0.000628263340331614,-0.0008228246006183326,-0.001295606722123921,0.0014891109894961119,0.09430243074893951
0.00618606386706233,0.04693823680281639,-0.26234254240989685,-0.0070414794608950615,0.0006691712187603116,-0.0009622133802622557,-0.0010220190742984414,0.0012680684449151158,0.07728873193264008
-0.03955617547035217,0.24056726694107056,-0.23433543741703033,0.05044519528746605,0.0010180397657677531,-0.001098809065297246,-0.0015198566252365708,0.0014512171037495136,0.082040935754776
-0.06489716470241547,-0.18514923751354218,0.034849658608436584,-0.02416432835161686,0.00040115733281709254,-0.00010261491843266413,-0.00013119843788444996,0.0004468548868317157,0.024271583184599876
-0.17366023361682892,-0.24400779604911804,-0.026266682893037796,0.048096515238285065,-7.368698425125331e-05,7.20034004189074e-05,-0.00015017041005194187,8.610232180217281e-05,0.02177218720316887
0.059736400842666626,-0.025717701762914658,-0.026723641902208328,0.023792237043380737,8.845576667226851e-05,-0.0001516240299679339,-0.0004949524882249534,0.00040974526200443506,0.02787705697119236
-0.02764289639890194,0.1310606300830841,-0.03243819996714592,-0.04937150701880455,0.00010147115244762972,-0.00017179196584038436,-0.00015525991329923272,0.0003613971930462867,0.01388423703610897
-0.06333964318037033,0.06623481214046478,0.053495924919843674,0.07905659824609756,0.0006823380826972425,-0.0008593766833655536,-0.0008463605772703886,0.0004085286636836827,0.009520762600004673
-0.6606885194778442,0.8145520091056824,0.1889847069978714,0.05370781570672989,0.0013021579943597317,-0.001274800393730402,-0.0011269910028204322,0.0011498485691845417,0.011675340123474598
0.18114109337329865,0.028861654922366142,0.37864211201667786,0.06431049108505249,0.0012716851197183132,-0.0011975312372669578,-0.0011088796891272068,0.0010741185396909714,0.01176601741462946
0.06927531957626343,0.02931138686835766,0.6257060766220093,0.028752461075782776,0.0008271561819128692,-0.0007887536194175482,-2.2274891307461075e-05,0.0002611629606690258,-0.0064831930212676525
0.0019137047929689288,-0.054548025131225586,0.5611786246299744,0.019818872213363647,0.00043442309834063053,-0.0004665309679694474,0.0005575382383540273,-0.0007197365048341453,-0.021178312599658966
0.04871233180165291,0.1502694934606552,0.5697922110557556,-0.0005097551620565355,-0.00015719492512289435,0.0002233503182651475,0.0009739717352204025,-0.0009732156759127975,-0.017856881022453308
-0.03287477418780327,-0.025295233353972435,0.5767924785614014,0.07393420487642288,0.00014274143904913217,-0.00018201924103777856,0.0004751663946080953,-0.0004929059650748968,-0.017491159960627556
-0.05719750374555588,0.06302322447299957,0.4348143935203552,0.01747068017721176,-0.00021110121451783925,0.00011516183440107852,0.0004931998555548489,-0.000458542606793344,-0.000671488291118294
0.041731324046850204,0.011385606601834297,0.3862932324409485,0.04872088134288788,0.00020630306971725076,-0.0004577346262522042,-0.0001502569648437202,8.8768225396052e-05,-0.004051176831126213
-0.0637521743774414,0.01949443854391575,0.6321849822998047,0.057557087391614914,0.0008857834036462009,-0.0012058299034833908,-9.553523705108091e-05,-8.433430048171431e-05,-0.01453374419361353
0.08588316291570663,0.05934106931090355,0.5408093333244324,0.058918748050928116,0.0006861214060336351,-0.0009816436795517802,-9.669573046267033e-05,-0.0002045069559244439,-0.014429949223995209
0.004178333096206188,0.060225509107112885,0.4042007029056549,0.024767447263002396,-0.00012394582154229283,0.00021424102305900306,0.00043631636071950197,-0.00034487945958971977,-0.003547623986378312
-0.06823166459798813,-0.07633084803819656,0.5819241404533386,0.013396146707236767,0.0002659502497408539,-0.0005438770167529583,0.0003115261788479984,-0.00032106577418744564,-0.015955565497279167
-0.006635634694248438,-0.0040276735089719296,0.46284428238868713,0.011665462516248226,0.00018929090583696961,-0.0002670200483407825,0.00038122283876873553,-0.0002856916980817914,-0.007418853230774403
0.07081975787878036,-0.08250891417264938,0.5623684525489807,0.06190692260861397,0.0003166952228639275,-0.0004080002545379102,0.0001963454415090382,-0.00011366328544681892,-0.011743181385099888
0.030761467292904854,-0.09764557331800461,0.6041439175605774,0.03937982767820358,0.0007883114158175886,-0.0008186873747035861,3.169806586811319e-05,0.00011467988952063024,-0.008275807835161686
0.0763235092163086,-0.048241253942251205,0.5748270153999329,0.06669516861438751,0.0003966441727243364,-0.0006059517036192119,0.00045298959594219923,-0.0004725478938780725,-0.022169245406985283
0.19675585627555847,0.1123175248503685,0.6361552476882935,-0.04317720979452133,0.0014120833948254585,-0.0012717953650280833,0.00022664085554424673,-0.00038650454371236265,-0.020885536447167397
1.3831360340118408,-1.6404078006744385,0.6184609532356262,0.005803060717880726,0.00025002710754051805,-0.0005684439674951136,0.0003988514363300055,-0.00037197157507762313,-0.008412000723183155
-2.454132318496704,-1.32587730884552,0.48851728439331055,-0.03222159296274185,-5.1124025048920885e-06,-0.0001760451850714162,0.0005946204182691872,-0.00047124133561737835,-0.014876353554427624
-0.012382285669445992,-0.1662760078907013,0.5403220057487488,-0.01922410912811756,0.0007441940251737833,-0.000955423922277987,0.0004052152798976749,-0.000654836418107152,-0.022299787029623985
-0.10090497136116028,0.04151427373290062,0.5435501933097839,-0.024101093411445618,0.0006440781871788204,-0.0007370183011516929,0.0005709488177672029,-0.0005201655440032482,-0.021659769117832184
-0.06733167171478271,0.027453672140836716,0.6675530672073364,-0.04801085591316223,0.0004526565899141133,-0.0006445764447562397,0.000415359390899539,-0.0004196658846922219,-0.010539466515183449
0.5535372495651245,-0.8057079911231995,0.6785508394241333,0.019233789294958115,0.0005023416597396135,-0.0007049369742162526,0.0002986342296935618,-0.0004189819737803191,-0.012532616034150124
-0.09016739577054977,-0.10111037641763687,0.5245795249938965,0.00039967772318050265,0.00013179710367694497,-0.0002491045743227005,0.0005462776171043515,-0.0004189486207906157,-0.01712886244058609
0.08094236254692078,0.14878402650356293,0.41257891058921814,0.00020394458260852844,-0.0002991744258906692,0.0001489149290136993,0.0005578433629125357,-0.0005138319684192538,-0.0059137907810509205
0.0829000324010849,0.01844939775764942,0.4793478846549988,-0.06099345162510872,0.0002718704054132104,-0.0005040246760472655,0.0005895327194593847,-0.00032423780066892505,-0.01934351585805416
0.053774427622556686,-0.03995407372713089,0.6346176862716675,-0.06088750436902046,0.0007385625503957272,-0.0007984606199897826,0.0003165347152389586,-0.00017046104767359793,-0.013888388872146606
0.013797746039927006,0.1595710813999176,0.5010054111480713,-0.06075165793299675,-0.00023346106172539294,0.0002810274891089648,0.0009072130196727812,-0.0006665659602731466,-0.004897423088550568
0.07524823397397995,-0.08193820714950562,0.582373857498169,-0.03198143094778061,0.0006304523558355868,-0.0007414070423692465,0.0002148413477698341,-0.00041157822124660015,-0.014041152782738209
0.15489739179611206,-0.018720733001828194,0.5998929142951965,0.0181183610111475,0.00125596032012254,-0.0014362919609993696,0.00010493365698494017,-0.00017226823547389358,-0.018881671130657196
-0.16786274313926697,0.12206265330314636,0.5011827349662781,0.05128725245594978,0.00022252608323469758,-0.0004694302915595472,0.0002788240381050855,-0.0002532015787437558,-0.009558035060763359
0.10895849764347076,0.1085290014743805,0.6107473969459534,0.05534549057483673,0.0006461793091148138,-0.0006854302482679486,9.656815382186323e-05,-0.0002521781425457448,-0.015061830170452595
-0.0021711988374590874,0.03348672389984131,0.5761792659759521,0.0033574597910046577,0.0002803214592859149,-0.0005273926071822643,0.0004424032522365451,-0.0003255909541621804,-0.015476066619157791
0.17140506207942963,0.02256196364760399,0.5452202558517456,0.0008845048723742366,0.00024102459428831935,-0.0004759830771945417,0.0005225914064794779,-0.0004304747562855482,-0.009722997434437275
-0.08422877639532089,0.014631959609687328,0.3661222755908966,0.04915731027722359,-0.0008562361472286284,0.000826160132419318,0.0009267382556572556,-0.0008285825024358928,0.01618044450879097
0.05913780257105827,0.004472971893846989,0.28104105591773987,-0.1141357272863388,-0.0006300695240497589,0.0006407836335711181,0.001172889256849885,-0.0009420688729733229,0.04685160890221596
-0.044703174382448196,0.05377170071005821,0.14759361743927002,-0.05643414705991745,-0.0003891651867888868,3.2045481930254027e-06,0.0009778804378584027,-0.0008087510941550136,0.00786682404577732
0.1912873089313507,0.051208507269620895,0.002136864233762026,0.024519924074411392,0.0003750849864445627,-0.0004905567620880902,-0.0004019194166176021,0.000273854355327785,0.02911025658249855
-0.1340726912021637,0.42223531007766724,0.17351919412612915,-0.07418005913496017,0.0006876916158944368,-0.0008823891985230148,-0.0008779100026004016,0.0009774214122444391,0.012502810917794704
0.11130432784557343,0.15750163793563843,0.41994017362594604,-0.035339776426553726,0.0017272050026804209,-0.0019766699988394976,-0.0012287590652704239,0.001362618524581194,0.010957952588796616
0.0025212839245796204,-0.07429483532905579,0.5522862076759338,0.01384740136563778,0.0005127075128257275,-0.0006969817914068699,9.890089859254658e-05,-0.00037191121373325586,-0.00655407877638936
0.07976129651069641,-0.038443855941295624,0.5539664030075073,0.08951617032289505,0.00015635532326996326,-0.00029366379021666944,0.0003543875936884433,-0.0004007422539871186,-0.011792613193392754
0.10682733356952667,0.18551543354988098,0.49452435970306396,0.03759485483169556,3.4339213016210124e-05,-0.00010798337461892515,0.0003526700602378696,-0.0007477704784832895,-0.001913658925332129
0.08412383496761322,-0.10056708008050919,0.6290308237075806,-0.00984362792223692,0.0008492612978443503,-0.0008957391837611794,0.00019167439313605428,-0.00014349094999488443,-0.016563599929213524
0.10583298653364182,-0.022670796141028404,0.5474574565887451,0.029497085139155388,0.0006674021133221686,-0.0006558155873790383,0.0005565182073041797,-0.0005750748096033931,-0.02676142379641533
-0.024382399395108223,-0.046028826385736465,0.5338138937950134,-0.039735887199640274,0.0003965699579566717,-0.00032555407960899174,0.0004052500589750707,-0.00037702283589169383,-0.015230521559715271
0.1504572331905365,0.0038620391860604286,0.4526303708553314,-0.01614086702466011,0.0004279953136574477,-0.0002015690552070737,0.0003253784670960158,-7.828558591427281e-05,-0.010680979117751122
-0.06193690374493599,-0.06399809569120407,0.6614545583724976,0.050931017845869064,0.0009124720236286521,-0.0008918014937080443,-6.5374147197871935e-06,-8.343878289451823e-05,-0.01095655094832182
0.004707923159003258,0.11298398673534393,0.6692429184913635,0.009710991755127907,0.0002989929635077715,-0.00047051373985596,0.0005903372075408697,-0.0006432122900150716,-0.01430477388203144
0.0632261261343956,-0.16291466355323792,0.558878481388092,-0.008436416275799274,0.0007663543801754713,-0.0008226624340750277,0.00017537581152282655,-9.293250332120806e-05,-0.013681827113032341
-0.011873522773385048,0.024442924186587334,0.5190386176109314,-0.05219801887869835,0.0005409479490481317,-0.0007145014242269099,0.0002196121495217085,-0.0001940291840583086,-0.006313219666481018
0.0023191848304122686,0.0032252331729978323,0.5777693390846252,0.08344860374927521,-1.8468626876710914e-05,-0.0004959421348758042,0.00022259351680986583,-0.0005740736960433424,-0.010931328870356083
0.12469794601202011,-0.05874748155474663,0.5921749472618103,-0.005481586325913668,0.0005145232426002622,-0.0006072106771171093,0.0003392240032553673,-0.0004490213468670845,-0.016328731551766396
0.020213745534420013,-0.03629495948553085,0.6135894656181335,0.015987366437911987,0.000294428231427446,-0.0005922656855545938,0.00036054124939255416,-0.0002491080667823553,-0.009192656725645065
0.14526012539863586,0.181779682636261,0.5701276659965515,0.015867944806814194,0.000544643378816545,-0.0010222858982160687,-3.56146992999129e-05,-0.0003639011410996318,-0.01404636912047863
-0.09759972244501114,-0.04890995845198631,0.4854849576950073,0.004696462769061327,0.0001520176010672003,-0.00014818903582636267,0.00040326660382561386,-0.0005187798524275422,-0.006542590446770191
-0.019199060276150703,0.007803949061781168,0.6095733046531677,-0.007933874614536762,0.000666111009195447,-0.0007373191183432937,0.00047449342673644423,-0.00042898370884358883,-0.018965894356369972
-0.16423797607421875,0.048485271632671356,0.511527419090271,0.04236090928316116,0.00011884178820764646,-0.0002651835384313017,0.0005650778766721487,-0.0009558274177834392,-0.019105056300759315
0.013407875783741474,-0.02818278595805168,0.48533895611763,-0.01099426206201315,-0.0001788198424037546,0.00010678565740818158,0.0006846843170933425,-0.0004723106394521892,-0.008617627434432507
-0.03838818520307541,-0.07962056249380112,0.5485528111457825,0.05685333162546158,0.00030524982139468193,-0.00031497376039624214,-0.00010236394155072048,-0.00014621474838349968,-0.005434881895780563
0.07075439393520355,0.059302039444446564,0.5830553770065308,0.05569153651595116,5.225982386036776e-05,-9.265542757930234e-05,0.00044023626833222806,-0.0003788589674513787,-0.011670280247926712
0.043385766446590424,0.0851295068860054,0.5663584470748901,0.0007676385575905442,0.00025318097323179245,-0.0002481791889294982,0.0004489351704251021,-0.0003459446597844362,-0.007673156913369894
-0.03111124224960804,0.01049956027418375,0.4999372959136963,-0.10319730639457703,0.00043531431583687663,-0.00019351814989931881,0.0005764515371993184,3.5888402635464445e-05,-0.007742470130324364
0.13166627287864685,-0.06350095570087433,0.5422754287719727,0.010183756239712238,0.00013943767407909036,-0.00011586096661631018,0.0005421682726591825,-0.00037722208071500063,-0.013348308391869068
0.10581130534410477,0.025660322979092598,0.49562281370162964,0.07936456054449081,0.00010948273120447993,-0.0003102371410932392,-3.5269495128886774e-05,-0.000558629515580833,-0.005002946592867374
0.007337644230574369,-0.06978026032447815,0.5353326797485352,0.13476510345935822,0.00022202427498996258,-0.0004709986678790301,0.00010939623462036252,-0.00032089202431961894,-0.014419165439903736
0.05195882171392441,0.027458658441901207,0.45745041966438293,-0.05496418848633766,-0.0003362568386364728,0.00035700114676728845,0.0014744187938049436,-0.0013170208549126983,-0.003044166835024953
-0.044941820204257965,0.005871674977242947,0.25970518589019775,0.028410300612449646,-0.0012046786723658442,0.0008628309005871415,0.0014778480399399996,-0.0014293072745203972,0.015426278114318848
-0.13700561225414276,-0.07159397751092911,0.043089609593153,-0.039626240730285645,0.0002796274784486741,-0.00013041702914051712,0.0002466672158334404,-0.00017749977996572852,0.018109703436493874
-0.10691561549901962,0.04331731051206589,-0.007146499119699001,-0.007908942177891731,2.9481956516974606e-05,-9.615252929506823e-05,0.0004934410681016743,-0.0006229973514564335,0.013402308337390423
-0.18099619448184967,0.024593664333224297,-0.05667722225189209,-0.11345259100198746,-0.0007154869963414967,0.0006120660109445453,0.0007070648134686053,-0.00041195363155566156,0.010522816330194473
-0.07843931764364243,-1.3954111337661743,0.02855277806520462,-0.030110754072666168,0.0001891065330710262,-0.00019940920174121857,-3.768002716242336e-05,0.00010845618089661002,0.014973278157413006
1.2832680940628052,-0.0658225566148758,-0.05225783586502075,0.06808453798294067,-0.00014454546908382326,0.00021522992756217718,1.3510445569409057e-05,-1.9909939510398544e-05,0.0252602007240057
-0.12906348705291748,0.05725659430027008,0.0016475997399538755,-0.090981125831604,0.0002874242782127112,-3.3860428061416314e-07,0.0004317683051340282,-0.0004134199698455632,0.0053361933678388596
0.024205032736063004,0.027980685234069824,0.06962569057941437,-0.02489873766899109,0.00019884217181243002,-0.00017218613356817514,0.00028106619720347226,-0.0002807091805152595,0.008554677478969097
0.008441027253866196,-0.09819895774126053,0.02178678661584854,0.018477074801921844,3.7630932638421655e-05,-0.0002766807156149298,3.280260716564953e-05,2.2615420675720088e-05,0.013829031027853489
0.07880019396543503,0.005134893115609884,-0.270638644695282,-0.05405179038643837,-0.0013498449698090553,0.0014028408331796527,0.0010877206223085523,-0.0006566612282767892,0.03187347203493118
-0.063206247985363,0.0006284513510763645,-0.2574414312839508,-0.0849156603217125,-4.233564322930761e-05,0.0001458586339140311,0.0002397885255049914,-0.00022876105504110456,0.03566983342170715
-0.09430607408285141,-0.13271184265613556,-0.35047170519828796,0.026292897760868073,-0.0004445243102964014,0.0003413975064177066,-1.4742001440026797e-05,2.3510210667154752e-05,0.04871240258216858
-0.05553988367319107,-0.13361482322216034,-0.2236948013305664,-0.0007219617837108672,-6.927817594259977e-05,6.9410943979164585e-06,-0.00019031341071240604,0.00018476082186680287,0.05091142654418945
-0.10150373727083206,0.13380345702171326,-0.3586786687374115,0.02508261427283287,-0.0004945585387758911,0.0005104282754473388,-0.00011395279580028728,0.00013955730537418276,0.05961715802550316
0.10393274575471878,0.057385366410017014,-0.4425188899040222,0.03578487038612366,-0.00043024576734751463,0.00048718912876211107,-0.00018444538000039756,0.0002515560481697321,0.057145003229379654
0.13726885616779327,0.0774742066860199,-0.3864766061306,0.054242298007011414,-0.0003467818023636937,0.00019657575467135757,-0.0004033997538499534,0.0004001258057542145,0.0553026907145977
0.16973872482776642,0.06186299026012421,-0.1691446453332901,0.06477683782577515,-0.0001418476749677211,8.043678826652467e-05,1.4293021877165302e-06,5.751890057581477e-05,0.050250109285116196
-0.08333974331617355,-0.03320819512009621,-0.2965458035469055,0.01564742438495159,-0.0002685596118681133,0.00010669443872757256,-0.00011636591807473451,-1.3958426734461682e-06,0.04403398558497429
0.07890329509973526,0.009901182726025581,-0.24567055702209473,0.0006732834153808653,0.00017310994735453278,-0.00012084726040484384,-0.0004025258822366595,0.00041619729017838836,0.05473349988460541
0.0182164516299963,0.13163258135318756,-0.40579304099082947,-0.02019263431429863,-0.00031824567122384906,0.00029728509252890944,-0.0002878890372812748,0.00021915065008215606,0.06035143882036209
-0.2750842869281769,0.3948686420917511,-0.4542943835258484,0.04832050949335098,-0.001104149385355413,0.0011990417260676622,0.00029344059294089675,-0.0004366610664874315,0.054220736026763916
-0.0029002425726503134,-0.1003955751657486,-0.39531832933425903,0.07579323649406433,-0.000767839199397713,0.0007078888011164963,0.00011511544289533049,-7.303046731976792e-05,0.053435154259204865
-0.05314663052558899,0.05847061797976494,-0.4226742088794708,0.03796156495809555,-0.0006461223238147795,0.0005898023955523968,-0.00013710981875192374,-4.1251673792430665e-06,0.06126628443598747
0.20528078079223633,-0.14702898263931274,-0.3191513121128082,-0.04338371381163597,0.0007286606705747545,-0.0006366497837007046,-0.0012388719478622079,0.001524325693026185,0.07070579379796982
-0.024064090102910995,0.00637819105759263,-0.009494245052337646,0.007585881743580103,0.001125080743804574,-0.001072643673978746,-0.0007966936100274324,0.0007957263151183724,0.04335350543260574
-0.05453765019774437,0.08106449991464615,-0.03550661355257034,0.05626923590898514,-0.0001214352814713493,-5.664828859153204e-05,-3.2688836654415354e-05,-0.00040037668077275157,0.011225852183997631
0.07685535401105881,-0.43816307187080383,0.09465111792087555,0.00831867940723896,0.00024772813776507974,-0.000293696706648916,4.2118344367736427e-07,-1.7938984456122853e-05,0.023844299837946892
0.12937523424625397,-0.019391022622585297,-0.012329704128205776,0.05207059532403946,-0.0001400187611579895,0.00018975185230374336,6.0494687204482034e-05,-0.0001342715841019526,0.02795766294002533
-0.039173755794763565,0.03334127366542816,-0.04981233552098274,0.06550121307373047,-0.0003908591461367905,0.0002599933941382915,4.6297660446725786e-05,-7.755758269922808e-05,0.04161284491419792
-0.026941899210214615,0.026331661269068718,-0.020209234207868576,0.04250624403357506,0.0002440813696011901,-0.00020111560297664255,-0.000303424836602062,0.0004552642931230366,0.038246795535087585
0.04661405086517334,0.15973779559135437,-0.009375684894621372,0.021038440987467766,-1.4047299373487476e-05,5.31001751369331e-05,0.00025173480389639735,-0.00011659563460852951,0.024437932297587395
-0.046570081263780594,0.028983676806092262,0.010539182461798191,0.02616298198699951,2.407955616945401e-05,-0.0001849640830187127,8.150475332513452e-05,-0.0002688885433599353,0.020198751240968704
0.04512803629040718,0.17244252562522888,0.009565785527229309,0.0027162327896803617,3.834677772829309e-05,-4.433185313246213e-05,-0.00018089373770635575,0.00024230178678408265,0.035442523658275604
-0.04187026619911194,0.00363889429718256,-0.011860755272209644,0.009873383678495884,0.00015222490765154362,-0.00022625236306339502,-0.0001990650489460677,0.0002969678316731006,0.029010500758886337
-0.036946821957826614,0.030352212488651276,0.012118183076381683,-0.019893331453204155,-0.00019979281933046877,0.00026873318711295724,0.0003043398610316217,-0.00015423446893692017,0.02644512616097927
-0.08096632361412048,-0.03228728100657463,-0.05249945446848869,0.04799310863018036,-0.00041677881381474435,0.0002535588573664427,9.963728371076286e-05,-2.646699249453377e-05,0.03292100504040718
-0.0163558516651392,0.2572621703147888,-0.027411900460720062,-0.029425939545035362,-1.3390968888415955e-05,-0.00015156969311647117,-0.00044269816135056317,0.00018789921887218952,0.03939632326364517
-0.14621366560459137,-0.11049533635377884,-0.02172243595123291,-0.1367814689874649,3.1108309485716745e-05,1.1538110811670776e-05,0.00018654779705684632,-1.1083629942731932e-05,0.032559413462877274
-0.1329733282327652,-0.06671534478664398,-0.013572236523032188,0.055584974586963654,0.00015745132986921817,-0.00020745482470374554,-0.00019682203128468245,9.273830073652789e-05,0.03302634507417679
-0.05729696527123451,-0.043736424297094345,-0.027231484651565552,0.027095163241028786,2.210980892414227e-05,-4.337023347034119e-05,-5.0176706281490624e-05,0.0005142550216987729,0.03770992532372475
0.09619595110416412,0.024734824895858765,-0.009449958801269531,-0.03631441667675972,-0.0002394009061390534,0.0002891114563681185,0.0003727998991962522,-0.00022971235739532858,0.024772167205810547
0.09729819744825363,0.11238289624452591,0.005961187649518251,-0.10949966311454773,0.00012325361603870988,-0.00016190626774914563,0.00012319030065555125,4.528275167103857e-05,0.023179108276963234
0.18721310794353485,0.006531531922519207,0.04574771225452423,-0.0007246288587339222,0.001734298188239336,-0.0017157376278191805,-0.0015176213346421719,0.0015364730497822165,0.03321616351604462
-0.1691477745771408,0.126765638589859,0.17353637516498566,0.006780171301215887,0.0011815957259386778,-0.0011382318334653974,-0.0011430103331804276,0.001155834412202239,0.011325551196932793
0.12035404145717621,-0.4257553219795227,0.3212635815143585,0.005813302472233772,0.00027214345755055547,-0.00013337074778974056,0.0002082730206893757,-0.00020642972958739847,-0.0019121908117085695
0.00938193779438734,0.03583022579550743,0.37192481756210327,0.01529090479016304,7.301932055270299e-05,-3.624815872171894e-05,0.00047802404151298106,-0.00038689703796990216,-0.002886788221076131
0.16846445202827454,0.030025027692317963,0.3603454530239105,0.05649023875594139,4.0501061448594555e-05,-0.0001948321732925251,9.805671288631856e-05,-0.0002649681700859219,-0.005821253638714552
0.025063378736376762,0.09604483097791672,0.278189092874527,0.03583438694477081,-4.387287481222302e-05,0.0001506358094047755,2.0075711290701292e-05,0.0001270883803954348,0.00027813759515993297
0.03134162351489067,0.04521843045949936,0.39360031485557556,-0.017087802290916443,0.0010239486582577229,-0.0009574626456014812,-0.00013207251322455704,0.0002857710642274469,-0.006407420616596937
0.09273359179496765,-0.06815583258867264,0.4474295377731323,-0.008806521072983742,0.0007603679550811648,-0.0009625484235584736,0.00019208498997613788,-0.0002126634935848415,-0.008222436532378197
0.1428985595703125,-0.1067429631948471,0.42331165075302124,0.02653241530060768,0.0009668605052866042,-0.0008482245611958206,8.795871690381318e-05,-0.00017750180268194526,-0.012936197221279144
-0.10386057943105698,-0.30852988362312317,0.350563108921051,-0.0717926174402237,-0.0005737310857512057,0.00048693569260649383,0.0011424761032685637,-0.0008383009117096663,-0.005021017976105213
0.04107240214943886,0.03777484595775604,0.1090436652302742,-0.01388610526919365,-0.001061256742104888,0.0009730050805956125,0.0014093866338953376,-0.00136285531334579,0.011258281767368317
-0.05150927975773811,0.1149270236492157,-0.03565629944205284,-0.020634517073631287,-0.0003058518923353404,0.00037034551496617496,0.00030778671498410404,-0.0004014284932054579,0.026077428832650185
0.04619336128234863,0.09097030758857727,-0.004683191422373056,-0.016244402155280113,-0.0002647615037858486,0.0003177784674335271,0.0001300120202358812,-0.0002869376912713051,0.017872802913188934
0.100621297955513,0.115059494972229,0.011143449693918228,-0.013099153526127338,0.0001621697301743552,-0.00026079692179337144,0.00012946916103828698,2.9023731258348562e-05,0.01379211712628603
0.5759188532829285,-0.21476835012435913,-0.004589621443301439,-0.015465703792870045,-8.733072900213301e-05,0.0001293614914175123,0.00032920073135755956,-0.000382124911993742,0.014701501466333866
0.08158151805400848,0.1617322564125061,-0.024994617328047752,-0.003628186648711562,-0.0005939668626524508,0.0006001631845720112,0.00043805729364976287,-0.00044702511513605714,0.02222992107272148
0.0381462424993515,0.04914437606930733,0.029992062598466873,-0.007608107756823301,0.00011225715570617467,-0.00011328903929097578,-0.00015111536777112633,4.1515391785651445e-05,0.01613066904246807
-0.1814730316400528,-0.009208227507770061,-0.07699998468160629,-0.0007175618084147573,-0.0005000617238692939,0.0005815665936097503,6.1415797972586e-05,4.3619282223517075e-05,0.03664206340909004
0.06214490905404091,-0.15625272691249847,0.01760171912610531,0.006824275013059378,0.00010531925363466144,-0.0001837570744100958,-0.0002684856008272618,0.00034011868410743773,0.020141731947660446
0.09587153047323227,-0.034670162945985794,-0.0021503036841750145,-0.03554895520210266,0.0003404031158424914,-4.1518167563481256e-05,-4.961280865245499e-05,7.34254062990658e-05,0.011140601709485054
-0.030896032229065895,0.10220874845981598,0.009156085550785065,-0.016715509817004204,-0.0005383773241192102,0.0005684290663339198,0.000799468660261482,-0.0006907175411470234,0.015739280730485916
-0.033050745725631714,-0.05772428214550018,-0.011420912109315395,-0.0076856655068695545,-0.000633258605375886,0.0005441484390757978,0.0006068170187063515,-0.00037250827881507576,0.021675648167729378
0.20227369666099548,0.389548122882843,-0.031438931822776794,-0.03290467709302902,-0.00038353863055817783,-1.1167506954734563e-06,0.0001138085572165437,4.50013940280769e-05,0.020652513951063156
-0.07072876393795013,0.0067224265076220036,0.041685350239276886,-0.029580559581518173,4.934502430842258e-05,1.8625049051479436e-05,0.000473022781079635,-0.00019812148821074516,0.012457732111215591
-0.028998777270317078,-0.02673715353012085,0.02896062284708023,-0.04177826642990112,-2.877414044633042e-05,0.00033409270690754056,0.0005882810801267624,-0.00032968714367598295,0.014852053485810757
0.09068623185157776,0.07374128699302673,-0.01110257301479578,-0.06563497334718704,0.0004514759057201445,-0.00033752049785107374,-0.00047003544750623405,0.0006611479329876602,0.022847477346658707
0.12720920145511627,0.027698447927832603,0.16509613394737244,-0.08954570442438126,0.0030418557580560446,-0.0028396351262927055,-0.001766974339261651,0.0016880983021110296,0.012671385891735554
0.05361730977892876,-0.027836784720420837,0.3357603847980499,0.02814459055662155,0.0006957848672755063,-0.00036239868495613337,-0.00046574126463383436,0.0004624064895324409,0.012606315314769745
-0.16626079380512238,-0.0890917032957077,0.23954558372497559,0.019470229744911194,-0.00021769406157545745,0.00036067175096832216,0.00012342268018983305,-4.5713739382335916e-05,0.01878093183040619
-0.018466053530573845,-0.059214331209659576,0.23235824704170227,0.043824318796396255,-4.62474963569548e-05,-3.788065805565566e-05,-0.00028100074268877506,0.00016075203893706203,0.01032266952097416
-0.031112339347600937,0.12361627072095871,0.23578819632530212,0.06212908774614334,-0.00046725236461497843,0.0002932762436103076,5.258319652057253e-05,-0.00012944232730660588,0.015029875561594963
0.07604894787073135,0.047575611621141434,0.29713258147239685,-0.02578008361160755,-0.00023561713169328868,0.0003029443323612213,0.0005793619202449918,-0.0003247527638450265,-0.0010703547159209847
0.14136503636837006,0.12969976663589478,0.26715484261512756,-0.023652208968997,-0.00017994157678913325,0.0003596662718337029,0.0006593592115677893,-0.0003267638385295868,-0.005476414225995541
0.03623338043689728,-0.00031597906490787864,0.303396999835968,0.02739742211997509,6.780128023819998e-05,1.232471845469263e-06,1.3633273738378193e-05,0.00011819064093288034,0.003637097543105483
-0.0380939356982708,-0.03483537957072258,0.2949506342411041,0.03879810869693756,0.0004276174586266279,-0.0003766026929952204,-4.904255911242217e-05,0.00014434177137445658,0.005413274746388197
0.0485701747238636,0.07497623562812805,0.31510236859321594,0.05032356083393097,-0.0001225688320118934,0.00015587340749334544,0.0004843613423872739,-0.00044982624240219593,-0.0003860056749545038
0.15889792144298553,-0.03952590376138687,0.4503147006034851,-0.02601139061152935,0.00030155989225022495,-0.00016634518397040665,0.00027182738995179534,-0.0002866644354071468,-0.001678489032201469
-0.04183293133974075,0.060636576265096664,0.14643922448158264,-0.012842523865401745,-0.0011952138738706708,0.001014558132737875,0.0012696170015260577,-0.0011170216603204608,0.029059650376439095
-0.11940545588731766,-0.055877093225717545,0.0394214391708374,0.04510989412665367,-0.00021096087584737688,-6.197253242135048e-05,-1.8353255654801615e-05,-0.0003905500052496791,0.05146918073296547
-0.0789562314748764,0.06988643109798431,0.01372500229626894,0.02927485667169094,-0.00018283359531778842,0.0001778686564648524,4.41386473539751e-05,5.844833140145056e-05,0.02693318948149681
0.0178794227540493,0.01819390244781971,-0.0087369279935956,-0.060778241604566574,-3.880534859490581e-05,0.00018874957459047437,0.00043872284004464746,-0.00033764788531698287,0.018959378823637962
0.011947584338486195,-0.07808230072259903,-0.01230708323419094,-0.0016579661751165986,7.747037307126448e-05,-8.632202661829069e-05,-0.0004216888337396085,0.0003702387330122292,0.04631238430738449
-0.05543814226984978,-0.06362005323171616,0.047149285674095154,0.00930989533662796,0.000601012259721756,-0.0005154654500074685,-0.0005853970651514828,0.00047239987179636955,0.03628101572394371
-0.1532500684261322,0.017941240221261978,0.021110909059643745,0.002750295912846923,0.00024405033036600798,-0.00015769581659696996,-0.0002512616920284927,7.537269993918017e-05,0.027825193479657173
0.14894352853298187,-0.025081563740968704,-0.05377386137843132,0.05069112032651901,-0.00029076021746732295,0.00015658335178159177,-0.0001254261442227289,-0.00010753946844488382,0.020818106830120087
0.04278118908405304,-0.06987352669239044,0.025188229978084564,-0.023472098633646965,0.0003232699236832559,-0.00037636328488588333,0.00012388944742269814,-4.2649997340049595e-05,0.015757357701659203
0.2167486697435379,-0.0019801699090749025,0.0033080328721553087,-0.00763368746265769,-8.528200851287693e-05,5.1264061767142266e-05,7.884977094363421e-05,5.997003972879611e-05,0.019047824665904045
0.09924326837062836,0.028805596753954887,-0.0029392687138170004,0.01678982935845852,-0.0002704041253309697,0.00011200532026123255,0.00026712604449130595,-0.00021780456881970167,0.01960621401667595
-0.014128288254141808,0.6425212025642395,-0.15124839544296265,-0.01780267246067524,-0.0009893134701997042,0.0009284628904424608,0.0009454551036469638,-0.0010154257761314511,0.026149502024054527
0.033481646329164505,-0.11337529867887497,-0.19879396259784698,0.001654998050071299,-0.00011571707727853209,-6.6526476985018235e-06,-0.00010141114034922794,0.0001688001211732626,0.04544981196522713
0.042787816375494,-0.026264898478984833,-0.22411109507083893,-0.021581707522273064,-0.00021629466209560633,0.0003447132185101509,1.1511297998367809e-05,3.5716017009690404e-05,0.05566499009728432
-0.04602464661002159,0.17240764200687408,-0.37295347452163696,-0.024769827723503113,-0.000753318308852613,0.0009515263955108821,0.0003356066590640694,-0.00034288997994735837,0.05464036390185356
0.05015353485941887,-0.034421417862176895,-0.3177708387374878,-0.014587613753974438,-0.00045472756028175354,0.00040375569369643927,0.00017653127724770457,0.0001350237289443612,0.058109547942876816
0.022817017510533333,-0.10469955950975418,-0.22501327097415924,-0.0782313123345375,0.00027536804554983974,-0.0003183485532645136,-0.0004466088430490345,0.0007244779262691736,0.06093461066484451
-0.42106449604034424,-0.04964027181267738,-0.16757892072200775,-0.0006332552875392139,0.00048111577052623034,-0.00040057802107185125,-0.0004236786626279354,0.0004808289522770792,0.06019110232591629
0.0954047292470932,0.1416671723127365,-0.210304856300354,-0.04478612169623375,-0.00029851304134353995,2.8483846108429134e-05,0.0004345702473074198,-0.000428143423050642,0.04565807431936264
0.03654519096016884,-0.042193781584501266,-0.1999235451221466,0.015284954570233822,-0.0002288472023792565,0.00031086948001757264,0.00020553456852212548,-0.0002681136247701943,0.052503377199172974
-0.14455513656139374,-0.07868082076311111,-0.17606274783611298,-0.00378408282995224,0.0001772098330548033,-0.0001733483513817191,-0.0003247524728067219,0.00039344478864222765,0.058187536895275116
0.04176962375640869,-0.08011902123689651,-0.10949502885341644,-0.00010319180728401989,0.0005893924972042441,-0.0005108486511744559,-0.00010892208956647664,0.00013368362851906568,0.04589749872684479
-0.14673298597335815,-0.05496276542544365,-0.18348857760429382,-0.0027489843778312206,-0.0002446221769787371,9.056416456587613e-05,-0.00015027853078208864,0.00023640804283786565,0.06264948844909668
-0.14239676296710968,-0.05973118916153908,-0.2709934413433075,0.025072680786252022,-0.0004160783428233117,0.00038379590841941535,-8.912414341466501e-05,2.425412822049111e-05,0.053894516080617905
0.06535010784864426,0.046331990510225296,-0.23147396743297577,-0.026082148775458336,0.0007727232296019793,-0.0008609553915448487,-0.0010097321355715394,0.0012330765603110194,0.04916384816169739
-0.1088530644774437,-0.18857324123382568,-0.07130803167819977,0.13323155045509338,-1.5913171864667675e-06,2.131421751982998e-05,-0.00033004212309606373,0.0006334024947136641,0.04098638892173767
